src_port,dst_port,protocol,packets_per_sec,bytes_per_sec,avg_packet_size,flow_duration_sec,src_ip_entropy,dst_port_entropy,new_flows_per_sec,num_distinct_src_ips,label
0,80,6,13.5,729.0,54.0,0.494,1.0,1.0,1.0,2,dos
0,5000,6,14.0,756.0,54.0,0.489,1.0,1.0,1.0,2,dos
0,80,6,4356.0,235224.0,54.0,2.4939999999999998,1.0,1.0,0.0,2,dos
0,5000,6,4356.0,235224.0,54.0,2.489,1.0,1.0,0.0,2,dos
0,80,6,4411.0,238194.0,54.0,4.501,1.0,1.0,0.0,2,dos
0,5000,6,4411.0,238194.0,54.0,4.496,1.0,1.0,0.0,2,dos
0,80,6,1218.0,65772.0,54.0,6.504,1.0,1.0,0.0,2,dos
0,5000,6,1218.0,65772.0,54.0,6.499,1.0,1.0,0.0,2,dos
0,80,6,0.0,0.0,54.0,8.505,1.0,1.0,0.0,2,dos
0,5000,6,0.0,0.0,54.0,8.5,1.0,1.0,0.0,2,dos
0,80,6,0.0,0.0,54.0,10.507,1.0,1.0,0.0,2,dos
0,5000,6,0.0,0.0,54.0,10.502,1.0,1.0,0.0,2,dos
0,80,6,0.0,0.0,54.0,12.51,1.0,1.0,0.0,2,dos
0,5000,6,0.0,0.0,54.0,12.505,1.0,1.0,0.0,2,dos
0,80,6,0.0,0.0,54.0,14.513,1.0,1.0,0.0,2,dos
0,5000,6,0.0,0.0,54.0,14.508,1.0,1.0,0.0,2,dos
0,80,6,0.0,0.0,54.0,16.514,1.0,1.0,0.0,2,dos
0,5000,6,0.0,0.0,54.0,16.509,1.0,1.0,0.0,2,dos
0,80,6,0.0,0.0,54.0,18.516,1.0,1.0,0.0,2,dos
0,5000,6,0.0,0.0,54.0,18.511,1.0,1.0,0.0,2,dos
0,80,6,0.0,0.0,54.0,20.519,1.0,1.0,0.0,2,dos
0,5000,6,0.0,0.0,54.0,20.514,1.0,1.0,0.0,2,dos
0,80,6,0.0,0.0,54.0,22.519,1.0,1.0,0.0,2,dos
0,5000,6,0.0,0.0,54.0,22.514,1.0,1.0,0.0,2,dos
0,80,6,0.0,0.0,54.0,24.521,1.0,1.0,0.0,2,dos
0,5000,6,0.0,0.0,54.0,24.516,1.0,1.0,0.0,2,dos
0,80,6,0.0,0.0,54.0,26.523,1.0,1.0,0.0,2,dos
0,5000,6,0.0,0.0,54.0,26.518,1.0,1.0,0.0,2,dos
0,80,6,0.0,0.0,54.0,28.525,1.0,1.0,0.0,2,dos
0,5000,6,0.0,0.0,54.0,28.52,1.0,1.0,0.0,2,dos
0,80,6,0.0,0.0,54.0,30.527,1.0,1.0,0.0,2,dos
0,5000,6,0.0,0.0,54.0,30.522,1.0,1.0,0.0,2,dos
0,80,6,0.0,0.0,54.0,32.53,1.0,1.0,0.0,2,dos
0,5000,6,0.0,0.0,54.0,32.525,1.0,1.0,0.0,2,dos
0,80,6,0.0,0.0,54.0,34.532,1.0,1.0,0.0,2,dos
0,5000,6,0.0,0.0,54.0,34.527,1.0,1.0,0.0,2,dos
0,80,6,0.0,0.0,54.0,0.809,1.0,1.0,0.0,2,dos
0,5000,6,0.0,0.0,54.0,0.802,1.0,1.0,0.0,2,dos
0,80,6,3619.5,195453.0,54.0,2.809,1.0,1.0,0.0,2,dos
0,5000,6,3619.5,195453.0,54.0,2.802,1.0,1.0,0.0,2,dos
0,80,6,4327.5,233685.0,54.0,4.8100000000000005,1.0,1.0,0.0,2,dos
0,5000,6,4327.5,233685.0,54.0,4.803,1.0,1.0,0.0,2,dos
0,80,6,1258.5,67959.0,54.0,6.813,1.0,1.0,0.0,2,dos
0,5000,6,1258.5,67959.0,54.0,6.806,1.0,1.0,0.0,2,dos
0,80,6,0.0,0.0,54.0,8.816,1.0,1.0,0.0,2,dos
0,5000,6,0.0,0.0,54.0,8.809,1.0,1.0,0.0,2,dos
0,80,6,0.0,0.0,54.0,10.818999999999999,1.0,1.0,0.0,2,dos
0,5000,6,0.0,0.0,54.0,10.812,1.0,1.0,0.0,2,dos
0,80,6,0.0,0.0,54.0,12.821,1.0,1.0,0.0,2,dos
0,5000,6,0.0,0.0,54.0,12.814,1.0,1.0,0.0,2,dos
0,80,6,0.0,0.0,54.0,14.824,1.0,1.0,0.0,2,dos
0,5000,6,0.0,0.0,54.0,14.817,1.0,1.0,0.0,2,dos
0,80,6,0.0,0.0,54.0,16.825,1.0,1.0,0.0,2,dos
0,5000,6,0.0,0.0,54.0,16.818,1.0,1.0,0.0,2,dos
0,80,6,0.0,0.0,54.0,18.826999999999998,1.0,1.0,0.0,2,dos
0,5000,6,0.0,0.0,54.0,18.82,1.0,1.0,0.0,2,dos
0,80,6,0.0,0.0,54.0,20.829,1.0,1.0,0.0,2,dos
0,5000,6,0.0,0.0,54.0,20.822,1.0,1.0,0.0,2,dos
0,80,6,0.0,0.0,54.0,22.84,1.0,1.0,0.0,2,dos
0,5000,6,0.0,0.0,54.0,22.833,1.0,1.0,0.0,2,dos
0,80,6,0.0,0.0,54.0,24.842,1.0,1.0,0.0,2,dos
0,5000,6,0.0,0.0,54.0,24.835,1.0,1.0,0.0,2,dos
0,80,6,0.0,0.0,54.0,26.845,1.0,1.0,0.0,2,dos
0,5000,6,0.0,0.0,54.0,26.838,1.0,1.0,0.0,2,dos
0,80,6,1023.0,55242.0,54.0,28.85,1.0,1.0,0.0,2,dos
0,5000,6,1023.0,55242.0,54.0,28.843,1.0,1.0,0.0,2,dos
0,80,6,4246.5,229311.0,54.0,30.851,1.0,1.0,0.0,2,dos
0,5000,6,4246.5,229311.0,54.0,30.844,1.0,1.0,0.0,2,dos
0,80,6,3743.0,202122.0,54.0,32.853,1.0,1.0,0.0,2,dos
0,5000,6,3743.0,202122.0,54.0,32.846,1.0,1.0,0.0,2,dos
0,80,6,1697.5,91665.0,54.0,34.859,1.0,1.0,0.0,2,dos
0,5000,6,1697.5,91665.0,54.0,34.852,1.0,1.0,0.0,2,dos
0,80,6,2003.0,108162.0,54.0,36.86,1.0,1.0,0.0,2,dos
0,5000,6,2003.0,108162.0,54.0,36.853,1.0,1.0,0.0,2,dos
0,80,6,1918.0,103572.0,54.0,38.863,1.0,1.0,0.0,2,dos
0,5000,6,1918.0,103572.0,54.0,38.856,1.0,1.0,0.0,2,dos
0,80,6,3308.5,178659.0,54.0,40.872,1.0,1.0,0.0,2,dos
0,5000,6,3308.5,178659.0,54.0,40.865,1.0,1.0,0.0,2,dos
0,80,6,2764.0,149256.0,54.0,42.876,1.0,1.0,0.0,2,dos
0,5000,6,2764.0,149256.0,54.0,42.869,1.0,1.0,0.0,2,dos
0,80,6,0.0,0.0,54.0,44.878,1.0,1.0,0.0,2,dos
0,5000,6,0.0,0.0,54.0,44.871,1.0,1.0,0.0,2,dos
0,80,6,0.0,0.0,54.0,46.88,1.0,1.0,0.0,2,dos
0,5000,6,0.0,0.0,54.0,46.873,1.0,1.0,0.0,2,dos
0,80,6,0.0,0.0,54.0,48.886,1.0,1.5,1.0,2,dos
0,5000,6,0.0,0.0,54.0,48.879,1.0,1.5,1.0,2,dos
0,0,1,953.0,40026.0,42.0,0.694,1.0,1.5,1.0,2,dos
0,0,1,939.0,39438.0,42.0,0.684,1.0,1.5,1.0,2,dos
0,80,6,0.0,0.0,54.0,50.888,1.0,1.5,0.0,2,dos
0,5000,6,0.0,0.0,54.0,50.881,1.0,1.5,0.0,2,dos
0,0,1,4055.5,170331.0,42.0,2.6959999999999997,1.0,1.5,0.0,2,dos
0,0,1,4055.5,170331.0,42.0,2.686,1.0,1.5,0.0,2,dos
0,80,6,0.0,0.0,54.0,52.889,1.0,1.5,0.0,2,dos
0,5000,6,0.0,0.0,54.0,52.882,1.0,1.5,0.0,2,dos
0,0,1,3439.0,144438.0,42.0,4.697,1.0,1.5,0.0,2,dos
0,0,1,3439.0,144438.0,42.0,4.687,1.0,1.5,0.0,2,dos
0,80,6,0.0,0.0,54.0,54.893,1.0,1.5,0.0,2,dos
0,5000,6,0.0,0.0,54.0,54.886,1.0,1.5,0.0,2,dos
0,0,1,1552.0,65184.0,42.0,6.701,1.0,1.5,0.0,2,dos
0,0,1,1552.0,65184.0,42.0,6.691,1.0,1.5,0.0,2,dos
0,80,6,0.0,0.0,54.0,56.899,1.0,1.5,0.0,2,dos
0,5000,6,0.0,0.0,54.0,56.892,1.0,1.5,0.0,2,dos
0,0,1,0.0,0.0,42.0,8.707,1.0,1.5,0.0,2,dos
0,0,1,0.0,0.0,42.0,8.697,1.0,1.5,0.0,2,dos
0,80,6,0.0,0.0,54.0,58.902,1.0,1.5,0.0,2,dos
0,5000,6,0.0,0.0,54.0,58.895,1.0,1.5,0.0,2,dos
0,0,1,0.0,0.0,42.0,10.71,1.0,1.5,0.0,2,dos
0,0,1,0.0,0.0,42.0,10.7,1.0,1.5,0.0,2,dos
0,80,6,0.0,0.0,54.0,60.905,1.0,1.5,0.0,2,dos
0,5000,6,0.0,0.0,54.0,60.898,1.0,1.5,0.0,2,dos
0,0,1,0.0,0.0,42.0,12.713,1.0,1.5,0.0,2,dos
0,0,1,0.0,0.0,42.0,12.703,1.0,1.5,0.0,2,dos
0,80,6,0.0,0.0,54.0,62.907,1.0,1.5,0.0,2,dos
0,5000,6,0.0,0.0,54.0,62.9,1.0,1.5,0.0,2,dos
0,0,1,0.0,0.0,42.0,14.715,1.0,1.5,0.0,2,dos
0,0,1,0.0,0.0,42.0,14.705,1.0,1.5,0.0,2,dos
0,80,6,0.0,0.0,54.0,64.911,1.0,1.5,0.0,2,dos
0,5000,6,0.0,0.0,54.0,64.904,1.0,1.5,0.0,2,dos
0,0,1,0.0,0.0,42.0,16.719,1.0,1.5,0.0,2,dos
0,0,1,0.0,0.0,42.0,16.709,1.0,1.5,0.0,2,dos
0,80,6,0.0,0.0,54.0,66.912,1.0,1.5,0.0,2,dos
0,5000,6,0.0,0.0,54.0,66.905,1.0,1.5,0.0,2,dos
0,0,1,0.0,0.0,42.0,18.72,1.0,1.5,0.0,2,dos
0,0,1,0.0,0.0,42.0,18.71,1.0,1.5,0.0,2,dos
0,80,6,0.0,0.0,54.0,68.915,1.0,1.5,0.0,2,dos
0,5000,6,0.0,0.0,54.0,68.908,1.0,1.5,0.0,2,dos
0,0,1,0.0,0.0,42.0,20.723,1.0,1.5,0.0,2,dos
0,0,1,0.0,0.0,42.0,20.713,1.0,1.5,0.0,2,dos
0,80,6,0.0,0.0,54.0,70.919,1.0,1.5,0.0,2,dos
0,5000,6,0.0,0.0,54.0,70.912,1.0,1.5,0.0,2,dos
0,0,1,0.0,0.0,42.0,22.727,1.0,1.5,0.0,2,dos
0,0,1,0.0,0.0,42.0,22.717,1.0,1.5,0.0,2,dos
0,0,1,0.0,0.0,42.0,24.729,1.0,-0.0,0.0,2,dos
0,0,1,0.0,0.0,42.0,24.719,1.0,-0.0,0.0,2,dos
0,0,1,0.0,0.0,42.0,26.74,1.0,-0.0,0.0,2,dos
0,0,1,0.0,0.0,42.0,26.73,1.0,-0.0,0.0,2,dos
0,0,1,0.0,0.0,42.0,28.743,1.0,-0.0,0.0,2,dos
0,0,1,0.0,0.0,42.0,28.733,1.0,-0.0,0.0,2,dos
0,0,1,0.0,0.0,42.0,30.747,1.0,-0.0,0.0,2,dos
0,0,1,0.0,0.0,42.0,30.737,1.0,-0.0,0.0,2,dos
0,5000,6,61.0,3294.0,54.0,0.183,1.0,1.0,1.0,2,dos
0,80,6,56.0,3024.0,54.0,0.141,1.0,1.0,1.0,2,dos
0,5000,6,1356.5,73251.0,54.0,2.185,1.0,1.0,0.0,2,dos
0,80,6,1356.0,73224.0,54.0,2.143,1.0,1.0,0.0,2,dos
0,5000,6,4034.0,217836.0,54.0,4.186,1.0,1.0,0.0,2,dos
0,80,6,4034.0,217836.0,54.0,4.144,1.0,1.0,0.0,2,dos
0,5000,6,4069.0,219726.0,54.0,6.187,1.0,1.0,0.0,2,dos
0,80,6,4069.0,219726.0,54.0,6.145,1.0,1.0,0.0,2,dos
0,5000,6,3869.5,208953.0,54.0,8.189,1.0,1.5,1.0,2,dos
0,80,6,3869.5,208953.0,54.0,8.147,1.0,1.5,1.0,2,dos
0,0,1,2123.5,89187.0,42.0,1.5510000000000002,1.0,1.5,1.0,2,dos
0,0,1,2109.5,88599.0,42.0,1.541,1.0,1.5,1.0,2,dos
0,5000,6,2264.0,122256.0,54.0,10.197,1.0,1.5,0.0,2,dos
0,80,6,2264.0,122256.0,54.0,10.155,1.0,1.5,0.0,2,dos
0,0,1,2832.0,118944.0,42.0,3.559,1.0,1.5,0.0,2,dos
0,0,1,2832.0,118944.0,42.0,3.549,1.0,1.5,0.0,2,dos
0,5000,6,1562.5,84375.0,54.0,12.204,1.0,1.5,0.0,2,dos
0,80,6,1562.5,84375.0,54.0,12.162,1.0,1.5,0.0,2,dos
0,0,1,1413.5,59367.0,42.0,5.566,1.0,1.5,0.0,2,dos
0,0,1,1413.5,59367.0,42.0,5.556,1.0,1.5,0.0,2,dos
0,5000,6,1131.5,61101.0,54.0,14.204,1.0,1.5,0.0,2,dos
0,80,6,1131.5,61101.0,54.0,14.162,1.0,1.5,0.0,2,dos
0,0,1,1426.0,59892.0,42.0,7.567,1.0,1.5,0.0,2,dos
0,0,1,1426.0,59892.0,42.0,7.557,1.0,1.5,0.0,2,dos
0,5000,6,1230.0,66420.0,54.0,16.206,1.0,1.5,0.0,2,dos
0,80,6,1230.0,66420.0,54.0,16.164,1.0,1.5,0.0,2,dos
0,0,1,1623.5,68187.0,42.0,9.568,1.0,1.5,0.0,2,dos
0,0,1,1623.5,68187.0,42.0,9.558,1.0,1.5,0.0,2,dos
0,5000,6,1257.0,67878.0,54.0,18.21,1.0,1.5,0.0,2,dos
0,80,6,1257.0,67878.0,54.0,18.168,1.0,1.5,0.0,2,dos
0,0,1,1310.5,55041.0,42.0,11.572,1.0,1.5,0.0,2,dos
0,0,1,1310.5,55041.0,42.0,11.562,1.0,1.5,0.0,2,dos
0,5000,6,1661.5,89721.0,54.0,20.211,1.0,1.5,0.0,2,dos
0,80,6,1661.5,89721.0,54.0,20.169,1.0,1.5,0.0,2,dos
0,0,1,1424.0,59808.0,42.0,13.573,1.0,1.5,0.0,2,dos
0,0,1,1424.0,59808.0,42.0,13.563,1.0,1.5,0.0,2,dos
0,5000,6,2773.0,149742.0,54.0,22.213,1.0,1.5,0.0,2,dos
0,80,6,2773.0,149742.0,54.0,22.171,1.0,1.5,0.0,2,dos
0,0,1,2653.0,111426.0,42.0,15.575,1.0,1.5,0.0,2,dos
0,0,1,2653.0,111426.0,42.0,15.565,1.0,1.5,0.0,2,dos
0,5000,6,2495.5,134757.0,54.0,24.228,1.0,1.5,0.0,2,dos
0,80,6,2495.5,134757.0,54.0,24.186,1.0,1.5,0.0,2,dos
0,0,1,2820.0,118440.0,42.0,17.59,1.0,1.5,0.0,2,dos
0,0,1,2820.0,118440.0,42.0,17.58,1.0,1.5,0.0,2,dos
0,5000,6,2093.5,113049.0,54.0,26.229,1.0,1.5,0.0,2,dos
0,80,6,2093.5,113049.0,54.0,26.187,1.0,1.5,0.0,2,dos
0,0,1,1835.5,77091.0,42.0,19.591,1.0,1.5,0.0,2,dos
0,0,1,1835.5,77091.0,42.0,19.581,1.0,1.5,0.0,2,dos
0,5000,6,933.5,50409.0,54.0,28.229,1.0,1.5,0.0,2,dos
0,80,6,933.5,50409.0,54.0,28.187,1.0,1.5,0.0,2,dos
0,0,1,959.5,40299.0,42.0,21.592,1.0,1.5,0.0,2,dos
0,0,1,959.5,40299.0,42.0,21.582,1.0,1.5,0.0,2,dos
0,5000,6,625.5,33777.0,54.0,30.232,1.0,1.5,0.0,2,dos
0,80,6,625.5,33777.0,54.0,30.19,1.0,1.5,0.0,2,dos
0,0,1,2779.5,116739.0,42.0,23.594,1.0,1.5,0.0,2,dos
0,0,1,2779.5,116739.0,42.0,23.584,1.0,1.5,0.0,2,dos
0,5000,6,0.0,0.0,54.0,32.234,1.0,1.5,0.0,2,dos
0,80,6,0.0,0.0,54.0,32.192,1.0,1.5,0.0,2,dos
0,0,1,2922.0,122724.0,42.0,25.596,1.0,1.5,0.0,2,dos
0,0,1,2922.0,122724.0,42.0,25.586,1.0,1.5,0.0,2,dos
0,5000,6,0.0,0.0,54.0,34.236,1.0,1.5,0.0,2,dos
0,80,6,0.0,0.0,54.0,34.194,1.0,1.5,0.0,2,dos
0,0,1,1790.0,75180.0,42.0,27.598,1.0,1.5,0.0,2,dos
0,0,1,1790.0,75180.0,42.0,27.588,1.0,1.5,0.0,2,dos
0,5000,6,0.0,0.0,54.0,36.24,1.0,1.5,0.0,2,dos
0,80,6,0.0,0.0,54.0,36.198,1.0,1.5,0.0,2,dos
0,0,1,2087.0,87654.0,42.0,29.602,1.0,1.5,0.0,2,dos
0,0,1,2087.0,87654.0,42.0,29.592,1.0,1.5,0.0,2,dos
0,5000,6,0.0,0.0,54.0,38.243,1.0,1.5,0.0,2,dos
0,80,6,0.0,0.0,54.0,38.201,1.0,1.5,0.0,2,dos
0,0,1,0.0,0.0,42.0,31.605,1.0,1.5,0.0,2,dos
0,0,1,0.0,0.0,42.0,31.595,1.0,1.5,0.0,2,dos
0,5000,6,0.0,0.0,54.0,40.247,1.0,1.5,0.0,2,dos
0,80,6,0.0,0.0,54.0,40.205,1.0,1.5,0.0,2,dos
0,0,1,0.0,0.0,42.0,33.609,1.0,1.5,0.0,2,dos
0,0,1,0.0,0.0,42.0,33.599,1.0,1.5,0.0,2,dos
0,5000,6,0.0,0.0,54.0,42.251,1.0,1.5,0.0,2,dos
0,80,6,0.0,0.0,54.0,42.209,1.0,1.5,0.0,2,dos
0,0,1,0.0,0.0,42.0,35.613,1.0,1.5,0.0,2,dos
0,0,1,0.0,0.0,42.0,35.603,1.0,1.5,0.0,2,dos
0,5000,6,0.0,0.0,54.0,44.253,1.0,1.5,0.0,2,dos
0,80,6,0.0,0.0,54.0,44.211,1.0,1.5,0.0,2,dos
0,0,1,0.0,0.0,42.0,37.615,1.0,1.5,0.0,2,dos
0,0,1,0.0,0.0,42.0,37.605,1.0,1.5,0.0,2,dos
0,5000,6,0.0,0.0,54.0,46.256,1.0,1.5,0.0,2,dos
0,80,6,0.0,0.0,54.0,46.214,1.0,1.5,0.0,2,dos
0,0,1,0.0,0.0,42.0,39.618,1.0,1.5,0.0,2,dos
0,0,1,0.0,0.0,42.0,39.608,1.0,1.5,0.0,2,dos
0,5000,6,0.0,0.0,54.0,48.258,1.0,1.5,0.0,2,dos
0,80,6,0.0,0.0,54.0,48.216,1.0,1.5,0.0,2,dos
0,0,1,0.0,0.0,42.0,41.62,1.0,1.5,0.0,2,dos
0,0,1,0.0,0.0,42.0,41.61,1.0,1.5,0.0,2,dos
0,5000,6,0.0,0.0,54.0,50.26,1.0,1.5,0.0,2,dos
0,80,6,0.0,0.0,54.0,50.218,1.0,1.5,0.0,2,dos
0,0,1,0.0,0.0,42.0,43.622,1.0,1.5,0.0,2,dos
0,0,1,0.0,0.0,42.0,43.612,1.0,1.5,0.0,2,dos
0,5000,6,0.0,0.0,54.0,52.262,1.0,1.5,0.0,2,dos
0,80,6,0.0,0.0,54.0,52.22,1.0,1.5,0.0,2,dos
0,0,1,0.0,0.0,42.0,45.624,1.0,1.5,0.0,2,dos
0,0,1,0.0,0.0,42.0,45.614,1.0,1.5,0.0,2,dos
0,5000,6,0.0,0.0,54.0,54.264,1.0,1.5,0.0,2,dos
0,80,6,0.0,0.0,54.0,54.222,1.0,1.5,0.0,2,dos
0,0,1,0.0,0.0,42.0,47.626,1.0,1.5,0.0,2,dos
0,0,1,0.0,0.0,42.0,47.616,1.0,1.5,0.0,2,dos
0,5000,6,0.0,0.0,54.0,56.266,1.0,1.5,0.0,2,dos
0,80,6,0.0,0.0,54.0,56.224,1.0,1.5,0.0,2,dos
0,0,1,0.0,0.0,42.0,49.628,1.0,1.5,0.0,2,dos
0,0,1,0.0,0.0,42.0,49.618,1.0,1.5,0.0,2,dos
0,5000,6,0.0,0.0,54.0,58.268,1.0,1.5,0.0,2,dos
0,80,6,0.0,0.0,54.0,58.226,1.0,1.5,0.0,2,dos
0,0,1,0.0,0.0,42.0,51.63,1.0,1.5,0.0,2,dos
0,0,1,0.0,0.0,42.0,51.62,1.0,1.5,0.0,2,dos
0,0,1,0.0,0.0,42.0,53.633,1.0,-0.0,0.0,2,dos
0,0,1,0.0,0.0,42.0,53.623,1.0,-0.0,0.0,2,dos
0,0,1,0.0,0.0,42.0,55.636,1.0,-0.0,0.0,2,dos
0,0,1,0.0,0.0,42.0,55.626,1.0,-0.0,0.0,2,dos
0,0,1,0.0,0.0,42.0,57.641,1.0,-0.0,0.0,2,dos
0,0,1,0.0,0.0,42.0,57.631,1.0,-0.0,0.0,2,dos
0,80,6,0.0,0.0,0.0,8.072,9.189824558879927,-0.0,292.0,584,ddos
0,80,6,0.0,0.0,0.0,9.357,9.189824558879927,-0.0,292.0,584,ddos
0,80,6,0.0,0.0,0.0,13.085,9.189824558879927,-0.0,292.0,584,ddos
0,80,6,0.0,0.0,0.0,14.116,9.189824558879927,-0.0,292.0,584,ddos
0,80,6,0.0,0.0,0.0,14.171,9.189824558879927,-0.0,292.0,584,ddos
0,80,6,0.0,0.0,0.0,10.048,9.189824558879927,-0.0,292.0,584,ddos
0,80,6,0.0,0.0,0.0,2.201,9.189824558879927,-0.0,292.0,584,ddos
0,80,6,0.0,0.0,0.0,4.923,9.189824558879927,-0.0,292.0,584,ddos
0,80,6,0.0,0.0,0.0,5.949,9.189824558879927,-0.0,292.0,584,ddos
0,80,6,0.0,0.0,0.0,9.548,9.189824558879927,-0.0,292.0,584,ddos
0,80,6,0.0,0.0,0.0,4.023,9.189824558879927,-0.0,292.0,584,ddos
0,80,6,0.0,0.0,0.0,14.026,9.189824558879927,-0.0,292.0,584,ddos
0,80,6,0.0,0.0,0.0,5.459,9.189824558879927,-0.0,292.0,584,ddos
0,80,6,0.0,0.0,0.0,11.064,9.189824558879927,-0.0,292.0,584,ddos
0,80,6,0.0,0.0,0.0,1.532,9.189824558879927,-0.0,292.0,584,ddos
0,80,6,0.0,0.0,0.0,14.408,9.189824558879927,-0.0,292.0,584,ddos
0,80,6,0.0,0.0,0.0,11.719,9.189824558879927,-0.0,292.0,584,ddos
0,80,6,0.0,0.0,0.0,13.686,9.189824558879927,-0.0,292.0,584,ddos
0,80,6,0.0,0.0,0.0,4.087,9.189824558879927,-0.0,292.0,584,ddos
0,80,6,0.0,0.0,0.0,9.798,9.189824558879927,-0.0,292.0,584,ddos
0,80,6,0.0,0.0,0.0,4.419,9.189824558879927,-0.0,292.0,584,ddos
0,80,6,0.0,0.0,0.0,8.29,9.189824558879927,-0.0,292.0,584,ddos
0,80,6,0.0,0.0,0.0,2.892,8.357552004618091,-0.0,164.0,328,ddos
0,80,6,0.0,0.0,0.0,3.798,9.189824558879927,-0.0,292.0,584,ddos
0,80,6,0.0,0.0,0.0,9.751,9.189824558879927,-0.0,292.0,584,ddos
0,80,6,0.0,0.0,0.0,0.329,9.189824558879927,-0.0,292.0,584,ddos
0,80,6,0.0,0.0,0.0,7.793,9.189824558879927,-0.0,292.0,584,ddos
0,80,6,0.0,0.0,0.0,5.13,9.189824558879927,-0.0,292.0,584,ddos
0,80,6,0.0,0.0,0.0,9.673,9.189824558879927,-0.0,292.0,584,ddos
0,80,6,0.0,0.0,0.0,13.343,9.189824558879927,-0.0,292.0,584,ddos
0,80,6,0.0,0.0,0.0,7.9030000000000005,9.189824558879927,-0.0,292.0,584,ddos
0,80,6,0.0,0.0,0.0,5.648,9.189824558879927,-0.0,292.0,584,ddos
0,80,6,0.0,0.0,0.0,7.213,9.189824558879927,-0.0,292.0,584,ddos
0,80,6,0.0,0.0,0.0,6.231,9.189824558879927,-0.0,292.0,584,ddos
0,80,6,0.0,0.0,0.0,9.362,9.189824558879927,-0.0,292.0,584,ddos
0,80,6,0.0,0.0,0.0,1.2530000000000001,9.189824558879927,-0.0,292.0,584,ddos
0,80,6,0.0,0.0,0.0,13.641,9.189824558879927,-0.0,292.0,584,ddos
0,80,6,0.0,0.0,0.0,3.767,9.189824558879927,-0.0,292.0,584,ddos
0,80,6,0.0,0.0,0.0,1.479,9.189824558879927,-0.0,292.0,584,ddos
0,80,6,0.0,0.0,0.0,13.342,9.189824558879927,-0.0,292.0,584,ddos
0,80,6,0.0,0.0,0.0,4.039,9.189824558879927,-0.0,292.0,584,ddos
0,80,6,0.0,0.0,0.0,1.8820000000000001,9.189824558879927,-0.0,292.0,584,ddos
0,80,6,0.0,0.0,0.0,7.306,9.189824558879927,-0.0,292.0,584,ddos
0,80,6,0.0,0.0,0.0,3.8970000000000002,9.189824558879927,-0.0,292.0,584,ddos
0,80,6,0.0,0.0,0.0,0.945,9.189824558879927,-0.0,292.0,584,ddos
0,80,6,0.0,0.0,0.0,9.343,9.189824558879927,-0.0,292.0,584,ddos
0,80,6,0.0,0.0,0.0,7.123,9.189824558879927,-0.0,292.0,584,ddos
0,80,6,0.0,0.0,0.0,7.954,9.189824558879927,-0.0,292.0,584,ddos
0,80,6,0.0,0.0,0.0,1.2530000000000001,9.189824558879927,-0.0,292.0,584,ddos
0,80,6,0.0,0.0,0.0,7.982,9.189824558879927,-0.0,292.0,584,ddos
0,80,6,0.0,0.0,0.0,9.038,9.189824558879927,-0.0,292.0,584,ddos
0,80,6,0.0,0.0,0.0,4.322,9.189824558879927,-0.0,292.0,584,ddos
0,80,6,0.0,0.0,0.0,3.745,9.189824558879927,-0.0,292.0,584,ddos
0,80,6,0.0,0.0,0.0,13.192,9.189824558879927,-0.0,292.0,584,ddos
0,80,6,0.0,0.0,0.0,13.093,9.189824558879927,-0.0,292.0,584,ddos
0,80,6,0.0,0.0,0.0,6.07,9.189824558879927,-0.0,292.0,584,ddos
0,80,6,0.0,0.0,0.0,3.481,9.189824558879927,-0.0,292.0,584,ddos
0,80,6,0.0,0.0,0.0,5.042,9.189824558879927,-0.0,292.0,584,ddos
0,80,6,0.0,0.0,0.0,11.382,9.189824558879927,-0.0,292.0,584,ddos
0,80,6,0.0,0.0,0.0,7.619,9.189824558879927,-0.0,292.0,584,ddos
0,80,6,0.0,0.0,0.0,2.32,9.189824558879927,-0.0,292.0,584,ddos
0,80,6,0.0,0.0,0.0,12.087,9.189824558879927,-0.0,292.0,584,ddos
0,80,6,0.0,0.0,0.0,10.465,9.189824558879927,-0.0,292.0,584,ddos
0,80,6,0.0,0.0,0.0,9.36,9.189824558879927,-0.0,292.0,584,ddos
0,80,6,0.0,0.0,0.0,5.014,9.189824558879927,-0.0,292.0,584,ddos
0,80,6,0.0,0.0,0.0,11.502,9.189824558879927,-0.0,292.0,584,ddos
0,80,6,0.0,0.0,0.0,6.474,9.189824558879927,-0.0,292.0,584,ddos
0,80,6,0.0,0.0,0.0,14.117,9.189824558879927,-0.0,292.0,584,ddos
0,80,6,0.0,0.0,0.0,10.931000000000001,9.189824558879927,-0.0,292.0,584,ddos
0,80,6,0.0,0.0,0.0,13.088,9.189824558879927,-0.0,292.0,584,ddos
0,80,6,0.0,0.0,0.0,7.167,9.189824558879927,-0.0,292.0,584,ddos
0,80,6,0.0,0.0,0.0,1.297,9.189824558879927,-0.0,292.0,584,ddos
0,80,6,0.0,0.0,0.0,7.783,9.189824558879927,-0.0,292.0,584,ddos
0,80,6,0.0,0.0,0.0,7.829,9.189824558879927,-0.0,292.0,584,ddos
0,80,6,0.0,0.0,0.0,4.991,9.189824558879927,-0.0,292.0,584,ddos
0,80,6,0.0,0.0,0.0,5.086,9.189824558879927,-0.0,292.0,584,ddos
0,80,6,0.0,0.0,0.0,11.028,9.189824558879927,-0.0,292.0,584,ddos
0,80,6,0.0,0.0,0.0,13.444,9.189824558879927,-0.0,292.0,584,ddos
0,80,6,0.0,0.0,0.0,10.28,9.189824558879927,-0.0,292.0,584,ddos
0,80,6,0.0,0.0,0.0,4.932,9.189824558879927,-0.0,292.0,584,ddos
0,80,6,0.0,0.0,0.0,13.501,9.189824558879927,-0.0,292.0,584,ddos
0,80,6,0.0,0.0,0.0,9.253,9.189824558879927,-0.0,292.0,584,ddos
0,80,6,0.0,0.0,0.0,5.936,9.189824558879927,-0.0,292.0,584,ddos
0,80,6,0.0,0.0,0.0,7.248,9.189824558879927,-0.0,292.0,584,ddos
0,80,6,0.0,0.0,0.0,4.89,8.357552004618091,-0.0,164.0,328,ddos
0,80,6,0.0,0.0,0.0,11.631,9.189824558879927,-0.0,292.0,584,ddos
0,80,6,0.0,0.0,0.0,7.18,9.189824558879927,-0.0,292.0,584,ddos
0,80,6,0.0,0.0,0.0,5.147,9.189824558879927,-0.0,292.0,584,ddos
0,80,6,0.0,0.0,0.0,13.549,9.189824558879927,-0.0,292.0,584,ddos
0,80,6,0.0,0.0,0.0,7.484,9.189824558879927,-0.0,292.0,584,ddos
0,80,6,0.0,0.0,0.0,7.689,9.189824558879927,-0.0,292.0,584,ddos
0,80,6,0.0,0.0,0.0,4.884,8.357552004618091,-0.0,164.0,328,ddos
0,80,6,0.0,0.0,0.0,8.969,9.189824558879927,-0.0,292.0,584,ddos
0,80,6,0.0,0.0,0.0,1.429,9.189824558879927,-0.0,292.0,584,ddos
0,80,6,0.0,0.0,0.0,7.14,9.189824558879927,-0.0,292.0,584,ddos
0,80,6,0.0,0.0,0.0,1.611,9.189824558879927,-0.0,292.0,584,ddos
0,80,6,0.0,0.0,0.0,7.819,9.189824558879927,-0.0,292.0,584,ddos
0,80,6,0.0,0.0,0.0,1.833,9.189824558879927,-0.0,292.0,584,ddos
0,80,6,0.0,0.0,0.0,8.08,9.189824558879927,-0.0,292.0,584,ddos
0,80,6,0.0,0.0,0.0,0.891,8.357552004618091,-0.0,164.0,328,ddos
0,80,6,0.0,0.0,0.0,8.926,9.189824558879927,-0.0,292.0,584,ddos
0,80,6,0.0,0.0,0.0,1.317,9.189824558879927,-0.0,292.0,584,ddos
0,80,6,0.0,0.0,0.0,8.326,9.189824558879927,-0.0,292.0,584,ddos
0,80,6,0.0,0.0,0.0,9.132,9.189824558879927,-0.0,292.0,584,ddos
0,80,6,0.0,0.0,0.0,11.143,9.189824558879927,-0.0,292.0,584,ddos
0,80,6,0.0,0.0,0.0,5.481,9.189824558879927,-0.0,292.0,584,ddos
0,80,6,0.0,0.0,0.0,7.184,9.189824558879927,-0.0,292.0,584,ddos
0,80,6,0.0,0.0,0.0,11.499,9.189824558879927,-0.0,292.0,584,ddos
0,80,6,0.0,0.0,0.0,13.46,9.189824558879927,-0.0,292.0,584,ddos
0,80,6,0.0,0.0,0.0,2.213,9.189824558879927,-0.0,292.0,584,ddos
0,80,6,0.0,0.0,0.0,7.378,9.189824558879927,-0.0,292.0,584,ddos
0,80,6,0.0,0.0,0.0,1.028,9.189824558879927,-0.0,292.0,584,ddos
0,80,6,0.0,0.0,0.0,7.87,9.189824558879927,-0.0,292.0,584,ddos
0,80,6,0.0,0.0,0.0,13.94,9.189824558879927,-0.0,292.0,584,ddos
0,80,6,0.0,0.0,0.0,8.887,8.357552004618091,-0.0,164.0,328,ddos
0,80,6,0.0,0.0,0.0,12.114,9.189824558879927,-0.0,292.0,584,ddos
0,80,6,0.0,0.0,0.0,4.201,9.189824558879927,-0.0,292.0,584,ddos
0,80,6,0.0,0.0,0.0,5.609,9.189824558879927,-0.0,292.0,584,ddos
0,80,6,0.0,0.0,0.0,11.674,9.189824558879927,-0.0,292.0,584,ddos
0,80,6,0.0,0.0,0.0,14.099,9.189824558879927,-0.0,292.0,584,ddos
0,80,6,0.0,0.0,0.0,3.449,9.189824558879927,-0.0,292.0,584,ddos
0,80,6,0.0,0.0,0.0,11.983,9.189824558879927,-0.0,292.0,584,ddos
0,80,6,0.0,0.0,0.0,12.483,9.189824558879927,-0.0,292.0,584,ddos
0,80,6,0.0,0.0,0.0,5.307,9.189824558879927,-0.0,292.0,584,ddos
0,80,6,0.0,0.0,0.0,1.714,9.189824558879927,-0.0,292.0,584,ddos
0,80,6,0.0,0.0,0.0,13.968,9.189824558879927,-0.0,292.0,584,ddos
0,80,6,0.0,0.0,0.0,3.697,9.189824558879927,-0.0,292.0,584,ddos
0,80,6,0.0,0.0,0.0,5.13,9.189824558879927,-0.0,292.0,584,ddos
0,80,6,0.0,0.0,0.0,4.034,9.189824558879927,-0.0,292.0,584,ddos
0,80,6,0.0,0.0,0.0,11.302,9.189824558879927,-0.0,292.0,584,ddos
0,80,6,0.0,0.0,0.0,2.899,8.357552004618091,-0.0,164.0,328,ddos
0,80,6,0.0,0.0,0.0,13.306,9.189824558879927,-0.0,292.0,584,ddos
0,80,6,0.0,0.0,0.0,3.102,9.189824558879927,-0.0,292.0,584,ddos
0,80,6,0.0,0.0,0.0,11.132,9.189824558879927,-0.0,292.0,584,ddos
0,80,6,0.0,0.0,0.0,0.463,9.189824558879927,-0.0,292.0,584,ddos
0,80,6,0.0,0.0,0.0,9.455,9.189824558879927,-0.0,292.0,584,ddos
0,80,6,0.0,0.0,0.0,13.043,9.189824558879927,-0.0,292.0,584,ddos
0,80,6,0.0,0.0,0.0,11.163,9.189824558879927,-0.0,292.0,584,ddos
0,80,6,0.0,0.0,0.0,7.066,9.189824558879927,-0.0,292.0,584,ddos
0,80,6,0.0,0.0,0.0,0.058,7.734709620225879,-0.0,106.5,213,ddos
0,80,6,0.0,0.0,0.0,9.668,9.189824558879927,-0.0,292.0,584,ddos
0,80,6,0.0,0.0,0.0,0.888,8.357552004618091,-0.0,164.0,328,ddos
0,80,6,0.0,0.0,0.0,5.8870000000000005,9.189824558879927,-0.0,292.0,584,ddos
0,80,6,0.0,0.0,0.0,8.243,9.189824558879927,-0.0,292.0,584,ddos
0,80,6,0.0,0.0,0.0,1.198,9.189824558879927,-0.0,292.0,584,ddos
0,80,6,0.0,0.0,0.0,10.94,9.189824558879927,-0.0,292.0,584,ddos
0,80,6,0.0,0.0,0.0,2.981,9.189824558879927,-0.0,292.0,584,ddos
0,80,6,0.0,0.0,0.0,12.479,9.189824558879927,-0.0,292.0,584,ddos
0,80,6,0.0,0.0,0.0,13.089,9.189824558879927,-0.0,292.0,584,ddos
0,80,6,0.0,0.0,0.0,2.883,8.357552004618091,-0.0,164.0,328,ddos
0,80,6,0.0,0.0,0.0,9.04,9.189824558879927,-0.0,292.0,584,ddos
0,80,6,0.0,0.0,0.0,1.0,9.189824558879927,-0.0,292.0,584,ddos
0,80,6,0.0,0.0,0.0,11.432,9.189824558879927,-0.0,292.0,584,ddos
0,80,6,0.0,0.0,0.0,8.881,8.357552004618091,-0.0,164.0,328,ddos
0,80,6,0.0,0.0,0.0,13.241,9.189824558879927,-0.0,292.0,584,ddos
0,80,6,0.0,0.0,0.0,13.676,9.189824558879927,-0.0,292.0,584,ddos
0,80,6,0.0,0.0,0.0,0.891,8.357552004618091,-0.0,164.0,328,ddos
0,80,6,0.0,0.0,0.0,1.835,9.189824558879927,-0.0,292.0,584,ddos
0,80,6,0.0,0.0,0.0,2.953,9.189824558879927,-0.0,292.0,584,ddos
0,80,6,0.0,0.0,0.0,4.912,9.189824558879927,-0.0,292.0,584,ddos
0,80,6,0.0,0.0,0.0,5.828,9.189824558879927,-0.0,292.0,584,ddos
0,80,6,0.0,0.0,0.0,3.908,9.189824558879927,-0.0,292.0,584,ddos
0,80,6,0.0,0.0,0.0,13.46,9.189824558879927,-0.0,292.0,584,ddos
0,80,6,0.0,0.0,0.0,1.954,9.189824558879927,-0.0,292.0,584,ddos
0,80,6,0.0,0.0,0.0,13.063,9.189824558879927,-0.0,292.0,584,ddos
0,80,6,0.0,0.0,0.0,1.966,9.189824558879927,-0.0,292.0,584,ddos
0,80,6,0.0,0.0,0.0,10.064,9.189824558879927,-0.0,292.0,584,ddos
0,80,6,0.0,0.0,0.0,9.979,9.189824558879927,-0.0,292.0,584,ddos
0,80,6,0.0,0.0,0.0,9.001,9.189824558879927,-0.0,292.0,584,ddos
0,80,6,0.0,0.0,0.0,6.877,8.357552004618091,-0.0,164.0,328,ddos
0,80,6,0.0,0.0,0.0,8.87,8.357552004618091,-0.0,164.0,328,ddos
0,80,6,0.0,0.0,0.0,11.163,9.189824558879927,-0.0,292.0,584,ddos
0,80,6,0.0,0.0,0.0,11.471,9.189824558879927,-0.0,292.0,584,ddos
0,80,6,0.0,0.0,0.0,8.953,9.189824558879927,-0.0,292.0,584,ddos
0,80,6,0.0,0.0,0.0,9.323,9.189824558879927,-0.0,292.0,584,ddos
0,80,6,0.0,0.0,0.0,13.0,9.189824558879927,-0.0,292.0,584,ddos
0,80,6,0.0,0.0,0.0,10.981,9.189824558879927,-0.0,292.0,584,ddos
0,80,6,0.0,0.0,0.0,7.257,9.189824558879927,-0.0,292.0,584,ddos
0,80,6,0.0,0.0,0.0,11.02,9.189824558879927,-0.0,292.0,584,ddos
0,80,6,0.0,0.0,0.0,12.203,9.189824558879927,-0.0,292.0,584,ddos
0,80,6,0.0,0.0,0.0,5.82,9.189824558879927,-0.0,292.0,584,ddos
0,80,6,0.0,0.0,0.0,7.845,9.189824558879927,-0.0,292.0,584,ddos
0,80,6,0.0,0.0,0.0,9.72,9.189824558879927,-0.0,292.0,584,ddos
0,80,6,0.0,0.0,0.0,5.5120000000000005,9.189824558879927,-0.0,292.0,584,ddos
0,80,6,0.0,0.0,0.0,1.839,9.189824558879927,-0.0,292.0,584,ddos
0,80,6,0.0,0.0,0.0,5.064,9.189824558879927,-0.0,292.0,584,ddos
0,80,6,0.0,0.0,0.0,13.519,9.189824558879927,-0.0,292.0,584,ddos
0,80,6,0.0,0.0,0.0,9.68,9.189824558879927,-0.0,292.0,584,ddos
0,80,6,0.0,0.0,0.0,1.145,9.189824558879927,-0.0,292.0,584,ddos
0,80,6,0.0,0.0,0.0,11.056,9.189824558879927,-0.0,292.0,584,ddos
0,80,6,0.0,0.0,0.0,11.005,9.189824558879927,-0.0,292.0,584,ddos
0,80,6,0.0,0.0,0.0,7.414,9.189824558879927,-0.0,292.0,584,ddos
0,80,6,0.0,0.0,0.0,11.445,9.189824558879927,-0.0,292.0,584,ddos
0,80,6,0.0,0.0,0.0,7.21,9.189824558879927,-0.0,292.0,584,ddos
0,80,6,0.0,0.0,0.0,2.228,9.189824558879927,-0.0,292.0,584,ddos
0,80,6,0.0,0.0,0.0,7.511,9.189824558879927,-0.0,292.0,584,ddos
0,80,6,0.0,0.0,0.0,6.87,8.357552004618091,-0.0,164.0,328,ddos
0,80,6,0.0,0.0,0.0,12.097,9.189824558879927,-0.0,292.0,584,ddos
0,80,6,0.0,0.0,0.0,2.931,9.189824558879927,-0.0,292.0,584,ddos
0,80,6,0.0,0.0,0.0,11.712,9.189824558879927,-0.0,292.0,584,ddos
0,80,6,0.0,0.0,0.0,13.393,9.189824558879927,-0.0,292.0,584,ddos
0,80,6,0.0,0.0,0.0,2.9130000000000003,9.189824558879927,-0.0,292.0,584,ddos
0,80,6,0.5,27.0,54.0,10.457,9.189824558879927,-0.0,292.0,584,ddos
0,80,6,0.0,0.0,0.0,12.375,9.189824558879927,-0.0,292.0,584,ddos
0,80,6,0.0,0.0,0.0,13.25,9.189824558879927,-0.0,292.0,584,ddos
0,80,6,0.0,0.0,0.0,7.394,9.189824558879927,-0.0,292.0,584,ddos
0,80,6,0.0,0.0,0.0,3.44,9.189824558879927,-0.0,292.0,584,ddos
0,80,6,0.0,0.0,0.0,9.455,9.189824558879927,-0.0,292.0,584,ddos
0,80,6,0.0,0.0,0.0,12.986,9.189824558879927,-0.0,292.0,584,ddos
0,80,6,0.0,0.0,0.0,6.194,9.189824558879927,-0.0,292.0,584,ddos
0,80,6,0.0,0.0,0.0,9.444,9.189824558879927,-0.0,292.0,584,ddos
0,80,6,0.0,0.0,0.0,7.184,9.189824558879927,-0.0,292.0,584,ddos
0,80,6,0.0,0.0,0.0,2.36,9.189824558879927,-0.0,292.0,584,ddos
0,80,6,0.0,0.0,0.0,0.953,9.189824558879927,-0.0,292.0,584,ddos
0,80,6,0.0,0.0,0.0,13.764,9.189824558879927,-0.0,292.0,584,ddos
0,80,6,0.0,0.0,0.0,13.429,9.189824558879927,-0.0,292.0,584,ddos
0,80,6,0.0,0.0,0.0,9.102,9.189824558879927,-0.0,292.0,584,ddos
0,80,6,0.0,0.0,0.0,10.882,8.357552004618091,-0.0,164.0,328,ddos
0,80,6,0.0,0.0,0.0,11.168,9.189824558879927,-0.0,292.0,584,ddos
0,80,6,0.0,0.0,0.0,0.961,9.189824558879927,-0.0,292.0,584,ddos
0,80,6,0.0,0.0,0.0,7.253,9.189824558879927,-0.0,292.0,584,ddos
0,80,6,0.0,0.0,0.0,10.956,9.189824558879927,-0.0,292.0,584,ddos
0,80,6,0.0,0.0,0.0,10.084,9.189824558879927,-0.0,292.0,584,ddos
0,80,6,0.0,0.0,0.0,3.453,9.189824558879927,-0.0,292.0,584,ddos
0,80,6,0.0,0.0,0.0,7.486,9.189824558879927,-0.0,292.0,584,ddos
0,80,6,0.0,0.0,0.0,8.899000000000001,8.357552004618091,-0.0,164.0,328,ddos
0,80,6,0.0,0.0,0.0,7.716,9.189824558879927,-0.0,292.0,584,ddos
0,80,6,0.0,0.0,0.0,13.07,9.189824558879927,-0.0,292.0,584,ddos
0,80,6,0.0,0.0,0.0,8.07,9.189824558879927,-0.0,292.0,584,ddos
0,80,6,0.0,0.0,0.0,8.971,9.189824558879927,-0.0,292.0,584,ddos
0,80,6,0.0,0.0,0.0,1.299,9.189824558879927,-0.0,292.0,584,ddos
0,80,6,0.0,0.0,0.0,6.9,8.357552004618091,-0.0,164.0,328,ddos
0,80,6,0.0,0.0,0.0,1.296,9.189824558879927,-0.0,292.0,584,ddos
0,80,6,0.0,0.0,0.0,12.092,9.189824558879927,-0.0,292.0,584,ddos
0,80,6,0.0,0.0,0.0,8.289,9.189824558879927,-0.0,292.0,584,ddos
0,80,6,0.0,0.0,0.0,14.117,9.189824558879927,-0.0,292.0,584,ddos
0,80,6,0.0,0.0,0.0,12.051,9.189824558879927,-0.0,292.0,584,ddos
0,80,6,0.0,0.0,0.0,13.67,9.189824558879927,-0.0,292.0,584,ddos
0,80,6,0.0,0.0,0.0,13.387,9.189824558879927,-0.0,292.0,584,ddos
0,80,6,0.0,0.0,0.0,8.102,9.189824558879927,-0.0,292.0,584,ddos
0,80,6,0.0,0.0,0.0,13.874,9.189824558879927,-0.0,292.0,584,ddos
0,80,6,0.0,0.0,0.0,14.052,9.189824558879927,-0.0,292.0,584,ddos
0,80,6,0.0,0.0,0.0,1.0,9.189824558879927,-0.0,292.0,584,ddos
0,80,6,0.0,0.0,0.0,1.419,9.189824558879927,-0.0,292.0,584,ddos
0,80,6,0.0,0.0,0.0,3.748,9.189824558879927,-0.0,292.0,584,ddos
0,80,6,0.0,0.0,0.0,8.946,9.189824558879927,-0.0,292.0,584,ddos
0,80,6,0.0,0.0,0.0,4.924,9.189824558879927,-0.0,292.0,584,ddos
0,80,6,0.0,0.0,0.0,7.355,9.189824558879927,-0.0,292.0,584,ddos
0,80,6,0.0,0.0,0.0,3.831,9.189824558879927,-0.0,292.0,584,ddos
0,80,6,0.0,0.0,0.0,5.882,9.189824558879927,-0.0,292.0,584,ddos
0,80,6,0.0,0.0,0.0,5.11,9.189824558879927,-0.0,292.0,584,ddos
0,80,6,0.0,0.0,0.0,11.858,9.189824558879927,-0.0,292.0,584,ddos
0,80,6,0.0,0.0,0.0,9.308,9.189824558879927,-0.0,292.0,584,ddos
0,80,6,0.0,0.0,0.0,10.927,9.189824558879927,-0.0,292.0,584,ddos
0,80,6,0.0,0.0,0.0,10.972,9.189824558879927,-0.0,292.0,584,ddos
0,80,6,0.0,0.0,0.0,5.101,9.189824558879927,-0.0,292.0,584,ddos
0,80,6,0.0,0.0,0.0,13.686,9.189824558879927,-0.0,292.0,584,ddos
0,80,6,0.0,0.0,0.0,13.213,9.189824558879927,-0.0,292.0,584,ddos
0,80,6,0.0,0.0,0.0,3.061,9.189824558879927,-0.0,292.0,584,ddos
0,80,6,0.0,0.0,0.0,13.754,9.189824558879927,-0.0,292.0,584,ddos
0,80,6,0.0,0.0,0.0,5.435,9.189824558879927,-0.0,292.0,584,ddos
0,80,6,0.0,0.0,0.0,1.098,9.189824558879927,-0.0,292.0,584,ddos
0,80,6,0.0,0.0,0.0,1.839,9.189824558879927,-0.0,292.0,584,ddos
0,80,6,0.0,0.0,0.0,1.229,9.189824558879927,-0.0,292.0,584,ddos
0,80,6,0.0,0.0,0.0,1.877,9.189824558879927,-0.0,292.0,584,ddos
0,80,6,0.0,0.0,0.0,3.828,9.189824558879927,-0.0,292.0,584,ddos
0,80,6,0.0,0.0,0.0,13.973,9.189824558879927,-0.0,292.0,584,ddos
0,80,6,0.0,0.0,0.0,7.552,9.189824558879927,-0.0,292.0,584,ddos
0,80,6,0.0,0.0,0.0,5.915,9.189824558879927,-0.0,292.0,584,ddos
0,80,6,0.0,0.0,0.0,5.194,9.189824558879927,-0.0,292.0,584,ddos
0,80,6,0.0,0.0,0.0,3.016,9.189824558879927,-0.0,292.0,584,ddos
0,80,6,0.0,0.0,0.0,5.7940000000000005,9.189824558879927,-0.0,292.0,584,ddos
0,80,6,0.0,0.0,0.0,7.896,9.189824558879927,-0.0,292.0,584,ddos
0,80,6,0.0,0.0,0.0,2.379,9.189824558879927,-0.0,292.0,584,ddos
0,80,6,0.0,0.0,0.0,2.233,9.189824558879927,-0.0,292.0,584,ddos
0,80,6,0.0,0.0,0.0,13.32,9.189824558879927,-0.0,292.0,584,ddos
0,80,6,0.0,0.0,0.0,10.88,8.357552004618091,-0.0,164.0,328,ddos
0,80,6,0.0,0.0,0.0,6.264,9.189824558879927,-0.0,292.0,584,ddos
0,80,6,0.0,0.0,0.0,11.701,9.189824558879927,-0.0,292.0,584,ddos
0,80,6,0.0,0.0,0.0,9.167,9.189824558879927,-0.0,292.0,584,ddos
0,80,6,0.0,0.0,0.0,5.147,9.189824558879927,-0.0,292.0,584,ddos
0,80,6,0.0,0.0,0.0,3.977,9.189824558879927,-0.0,292.0,584,ddos
0,80,6,0.0,0.0,0.0,7.748,9.189824558879927,-0.0,292.0,584,ddos
0,80,6,0.0,0.0,0.0,7.689,9.189824558879927,-0.0,292.0,584,ddos
0,80,6,0.0,0.0,0.0,9.164,9.189824558879927,-0.0,292.0,584,ddos
0,80,6,0.0,0.0,0.0,9.869,9.189824558879927,-0.0,292.0,584,ddos
0,80,6,0.0,0.0,0.0,2.9539999999999997,9.189824558879927,-0.0,292.0,584,ddos
0,80,6,0.0,0.0,0.0,6.949,9.189824558879927,-0.0,292.0,584,ddos
0,80,6,0.0,0.0,0.0,8.979,9.189824558879927,-0.0,292.0,584,ddos
0,80,6,0.0,0.0,0.0,6.921,9.189824558879927,-0.0,292.0,584,ddos
0,80,6,0.0,0.0,0.0,11.385,9.189824558879927,-0.0,292.0,584,ddos
0,80,6,0.0,0.0,0.0,0.972,9.189824558879927,-0.0,292.0,584,ddos
0,80,6,0.0,0.0,0.0,13.321,9.189824558879927,-0.0,292.0,584,ddos
0,80,6,0.0,0.0,0.0,13.965,9.189824558879927,-0.0,292.0,584,ddos
0,80,6,0.0,0.0,0.0,2.373,9.189824558879927,-0.0,292.0,584,ddos
0,80,6,0.0,0.0,0.0,9.832,9.189824558879927,-0.0,292.0,584,ddos
0,80,6,0.0,0.0,0.0,4.904,8.357552004618091,-0.0,164.0,328,ddos
0,80,6,0.0,0.0,0.0,10.137,9.189824558879927,-0.0,292.0,584,ddos
0,80,6,0.0,0.0,0.0,7.2,9.189824558879927,-0.0,292.0,584,ddos
0,80,6,0.0,0.0,0.0,3.432,9.189824558879927,-0.0,292.0,584,ddos
0,80,6,0.0,0.0,0.0,13.834,9.189824558879927,-0.0,292.0,584,ddos
0,80,6,0.0,0.0,0.0,11.9,9.189824558879927,-0.0,292.0,584,ddos
0,80,6,0.0,0.0,0.0,13.823,9.189824558879927,-0.0,292.0,584,ddos
0,80,6,0.0,0.0,0.0,7.439,9.189824558879927,-0.0,292.0,584,ddos
0,80,6,0.0,0.0,0.0,1.814,9.189824558879927,-0.0,292.0,584,ddos
0,80,6,0.0,0.0,0.0,3.095,9.189824558879927,-0.0,292.0,584,ddos
0,80,6,0.0,0.0,0.0,3.322,9.189824558879927,-0.0,292.0,584,ddos
0,80,6,0.0,0.0,0.0,7.175,9.189824558879927,-0.0,292.0,584,ddos
0,80,6,0.0,0.0,0.0,0.966,9.189824558879927,-0.0,292.0,584,ddos
0,80,6,0.0,0.0,0.0,7.73,9.189824558879927,-0.0,292.0,584,ddos
0,80,6,0.0,0.0,0.0,7.108,9.189824558879927,-0.0,292.0,584,ddos
0,80,6,0.0,0.0,0.0,10.101,9.189824558879927,-0.0,292.0,584,ddos
0,80,6,0.0,0.0,0.0,3.926,9.189824558879927,-0.0,292.0,584,ddos
0,80,6,0.0,0.0,0.0,2.011,9.189824558879927,-0.0,292.0,584,ddos
0,80,6,0.0,0.0,0.0,6.879,8.357552004618091,-0.0,164.0,328,ddos
0,80,6,0.0,0.0,0.0,1.625,9.189824558879927,-0.0,292.0,584,ddos
0,80,6,0.0,0.0,0.0,7.439,9.189824558879927,-0.0,292.0,584,ddos
0,80,6,0.0,0.0,0.0,5.49,9.189824558879927,-0.0,292.0,584,ddos
0,80,6,0.0,0.0,0.0,9.171,9.189824558879927,-0.0,292.0,584,ddos
0,80,6,0.0,0.0,0.0,10.194,9.189824558879927,-0.0,292.0,584,ddos
0,80,6,0.0,0.0,0.0,12.444,9.189824558879927,-0.0,292.0,584,ddos
0,80,6,0.0,0.0,0.0,10.072,9.189824558879927,-0.0,292.0,584,ddos
0,80,6,0.0,0.0,0.0,0.105,9.189824558879927,-0.0,292.0,584,ddos
0,80,6,0.0,0.0,0.0,1.097,9.189824558879927,-0.0,292.0,584,ddos
0,80,6,0.0,0.0,0.0,11.016,9.189824558879927,-0.0,292.0,584,ddos
0,80,6,0.0,0.0,0.0,3.311,9.189824558879927,-0.0,292.0,584,ddos
0,80,6,0.0,0.0,0.0,9.979,9.189824558879927,-0.0,292.0,584,ddos
0,80,6,0.0,0.0,0.0,9.238,9.189824558879927,-0.0,292.0,584,ddos
0,80,6,0.0,0.0,0.0,14.253,9.189824558879927,-0.0,292.0,584,ddos
0,80,6,0.0,0.0,0.0,6.966,9.189824558879927,-0.0,292.0,584,ddos
0,80,6,0.0,0.0,0.0,14.298,9.189824558879927,-0.0,292.0,584,ddos
0,80,6,0.0,0.0,0.0,13.166,9.189824558879927,-0.0,292.0,584,ddos
0,80,6,0.0,0.0,0.0,10.877,8.357552004618091,-0.0,164.0,328,ddos
0,80,6,0.0,0.0,0.0,3.371,9.189824558879927,-0.0,292.0,584,ddos
0,80,6,0.0,0.0,0.0,11.079,9.189824558879927,-0.0,292.0,584,ddos
0,80,6,0.0,0.0,0.0,5.509,9.189824558879927,-0.0,292.0,584,ddos
0,80,6,0.0,0.0,0.0,3.484,9.189824558879927,-0.0,292.0,584,ddos
0,80,6,0.0,0.0,0.0,1.923,9.189824558879927,-0.0,292.0,584,ddos
0,80,6,0.0,0.0,0.0,5.703,9.189824558879927,-0.0,292.0,584,ddos
0,80,6,0.0,0.0,0.0,8.928,9.189824558879927,-0.0,292.0,584,ddos
0,80,6,0.0,0.0,0.0,13.682,9.189824558879927,-0.0,292.0,584,ddos
0,80,6,0.0,0.0,0.0,5.206,9.189824558879927,-0.0,292.0,584,ddos
0,80,6,0.0,0.0,0.0,14.079,9.189824558879927,-0.0,292.0,584,ddos
0,80,6,0.0,0.0,0.0,7.15,9.189824558879927,-0.0,292.0,584,ddos
0,80,6,0.0,0.0,0.0,5.314,9.189824558879927,-0.0,292.0,584,ddos
0,80,6,0.0,0.0,0.0,5.454,9.189824558879927,-0.0,292.0,584,ddos
0,80,6,0.0,0.0,0.0,1.028,9.189824558879927,-0.0,292.0,584,ddos
0,80,6,0.0,0.0,0.0,7.244,9.189824558879927,-0.0,292.0,584,ddos
0,80,6,0.0,0.0,0.0,13.505,9.189824558879927,-0.0,292.0,584,ddos
0,80,6,0.0,0.0,0.0,13.268,9.189824558879927,-0.0,292.0,584,ddos
0,80,6,0.0,0.0,0.0,10.902,8.357552004618091,-0.0,164.0,328,ddos
0,80,6,0.0,0.0,0.0,13.157,9.189824558879927,-0.0,292.0,584,ddos
0,80,6,0.0,0.0,0.0,11.237,9.189824558879927,-0.0,292.0,584,ddos
0,80,6,0.0,0.0,0.0,7.508,9.189824558879927,-0.0,292.0,584,ddos
0,80,6,0.0,0.0,0.0,3.329,9.189824558879927,-0.0,292.0,584,ddos
0,80,6,0.0,0.0,0.0,2.403,9.189824558879927,-0.0,292.0,584,ddos
0,80,6,0.0,0.0,0.0,6.983,9.189824558879927,-0.0,292.0,584,ddos
0,80,6,0.0,0.0,0.0,10.053,9.189824558879927,-0.0,292.0,584,ddos
0,80,6,0.0,0.0,0.0,1.034,9.189824558879927,-0.0,292.0,584,ddos
0,80,6,0.0,0.0,0.0,11.805,9.189824558879927,-0.0,292.0,584,ddos
0,80,6,0.0,0.0,0.0,9.243,9.189824558879927,-0.0,292.0,584,ddos
0,80,6,0.0,0.0,0.0,5.348,9.189824558879927,-0.0,292.0,584,ddos
0,80,6,0.0,0.0,0.0,6.98,9.189824558879927,-0.0,292.0,584,ddos
0,80,6,0.0,0.0,0.0,12.979,9.189824558879927,-0.0,292.0,584,ddos
0,80,6,0.0,0.0,0.0,11.024,9.189824558879927,-0.0,292.0,584,ddos
0,80,6,0.0,0.0,0.0,8.039,9.189824558879927,-0.0,292.0,584,ddos
0,80,6,0.0,0.0,0.0,6.163,9.189824558879927,-0.0,292.0,584,ddos
0,80,6,0.0,0.0,0.0,6.947,9.189824558879927,-0.0,292.0,584,ddos
0,80,6,0.0,0.0,0.0,7.458,9.189824558879927,-0.0,292.0,584,ddos
0,80,6,0.0,0.0,0.0,0.968,9.189824558879927,-0.0,292.0,584,ddos
0,80,6,0.0,0.0,0.0,6.315,9.189824558879927,-0.0,292.0,584,ddos
0,80,6,0.0,0.0,0.0,9.968,9.189824558879927,-0.0,292.0,584,ddos
0,80,6,0.0,0.0,0.0,9.865,9.189824558879927,-0.0,292.0,584,ddos
0,80,6,0.0,0.0,0.0,3.326,9.189824558879927,-0.0,292.0,584,ddos
0,80,6,0.0,0.0,0.0,8.937,9.189824558879927,-0.0,292.0,584,ddos
0,80,6,0.0,0.0,0.0,11.952,9.189824558879927,-0.0,292.0,584,ddos
0,80,6,0.0,0.0,0.0,13.083,9.189824558879927,-0.0,292.0,584,ddos
0,80,6,0.0,0.0,0.0,14.349,9.189824558879927,-0.0,292.0,584,ddos
0,80,6,0.0,0.0,0.0,5.075,9.189824558879927,-0.0,292.0,584,ddos
0,80,6,0.0,0.0,0.0,9.608,9.189824558879927,-0.0,292.0,584,ddos
0,80,6,0.0,0.0,0.0,2.07,9.189824558879927,-0.0,292.0,584,ddos
0,80,6,0.0,0.0,0.0,2.285,9.189824558879927,-0.0,292.0,584,ddos
0,80,6,0.0,0.0,0.0,3.183,9.189824558879927,-0.0,292.0,584,ddos
0,80,6,0.0,0.0,0.0,13.134,9.189824558879927,-0.0,292.0,584,ddos
0,80,6,0.0,0.0,0.0,4.891,8.357552004618091,-0.0,164.0,328,ddos
0,80,6,0.0,0.0,0.0,9.979,9.189824558879927,-0.0,292.0,584,ddos
0,80,6,0.0,0.0,0.0,1.9409999999999998,9.189824558879927,-0.0,292.0,584,ddos
0,80,6,0.0,0.0,0.0,5.223,9.189824558879927,-0.0,292.0,584,ddos
0,80,6,0.0,0.0,0.0,7.424,9.189824558879927,-0.0,292.0,584,ddos
0,80,6,0.0,0.0,0.0,9.001,9.189824558879927,-0.0,292.0,584,ddos
0,80,6,0.0,0.0,0.0,6.016,9.189824558879927,-0.0,292.0,584,ddos
0,80,6,0.0,0.0,0.0,8.346,9.189824558879927,-0.0,292.0,584,ddos
0,80,6,0.0,0.0,0.0,7.484,9.189824558879927,-0.0,292.0,584,ddos
0,80,6,0.0,0.0,0.0,2.9379999999999997,9.189824558879927,-0.0,292.0,584,ddos
0,80,6,0.0,0.0,0.0,12.092,9.189824558879927,-0.0,292.0,584,ddos
0,80,6,0.0,0.0,0.0,11.342,9.189824558879927,-0.0,292.0,584,ddos
0,80,6,0.0,0.0,0.0,5.481,9.189824558879927,-0.0,292.0,584,ddos
0,80,6,0.0,0.0,0.0,12.318,9.189824558879927,-0.0,292.0,584,ddos
0,80,6,0.0,0.0,0.0,1.113,9.189824558879927,-0.0,292.0,584,ddos
0,80,6,0.0,0.0,0.0,2.9,8.357552004618091,-0.0,164.0,328,ddos
0,80,6,0.0,0.0,0.0,11.202,9.189824558879927,-0.0,292.0,584,ddos
0,80,6,0.0,0.0,0.0,7.841,9.189824558879927,-0.0,292.0,584,ddos
0,80,6,0.0,0.0,0.0,5.435,9.189824558879927,-0.0,292.0,584,ddos
0,80,6,0.0,0.0,0.0,1.929,9.189824558879927,-0.0,292.0,584,ddos
0,80,6,0.0,0.0,0.0,13.933,9.189824558879927,-0.0,292.0,584,ddos
0,80,6,0.0,0.0,0.0,9.892,9.189824558879927,-0.0,292.0,584,ddos
0,80,6,0.0,0.0,0.0,13.614,9.189824558879927,-0.0,292.0,584,ddos
0,80,6,0.0,0.0,0.0,1.8090000000000002,9.189824558879927,-0.0,292.0,584,ddos
0,80,6,0.0,0.0,0.0,1.27,9.189824558879927,-0.0,292.0,584,ddos
0,80,6,0.0,0.0,0.0,14.117,9.189824558879927,-0.0,292.0,584,ddos
0,80,6,0.0,0.0,0.0,1.318,9.189824558879927,-0.0,292.0,584,ddos
0,80,6,0.0,0.0,0.0,7.413,9.189824558879927,-0.0,292.0,584,ddos
0,80,6,0.0,0.0,0.0,13.085,9.189824558879927,-0.0,292.0,584,ddos
0,80,6,0.0,0.0,0.0,13.341,9.189824558879927,-0.0,292.0,584,ddos
0,80,6,0.0,0.0,0.0,9.557,9.189824558879927,-0.0,292.0,584,ddos
0,80,6,0.0,0.0,0.0,5.929,9.189824558879927,-0.0,292.0,584,ddos
0,80,6,0.0,0.0,0.0,3.192,9.189824558879927,-0.0,292.0,584,ddos
0,80,6,0.0,0.0,0.0,13.138,9.189824558879927,-0.0,292.0,584,ddos
0,80,6,0.0,0.0,0.0,8.87,8.357552004618091,-0.0,164.0,328,ddos
0,80,6,0.0,0.0,0.0,13.268,9.189824558879927,-0.0,292.0,584,ddos
0,80,6,0.0,0.0,0.0,7.351,9.189824558879927,-0.0,292.0,584,ddos
0,80,6,0.0,0.0,0.0,11.654,9.189824558879927,-0.0,292.0,584,ddos
0,80,6,0.0,0.0,0.0,9.364,9.189824558879927,-0.0,292.0,584,ddos
0,80,6,0.0,0.0,0.0,5.789,9.189824558879927,-0.0,292.0,584,ddos
0,80,6,0.0,0.0,0.0,3.328,9.189824558879927,-0.0,292.0,584,ddos
0,80,6,0.0,0.0,0.0,7.03,9.189824558879927,-0.0,292.0,584,ddos
0,80,6,0.0,0.0,0.0,2.055,9.189824558879927,-0.0,292.0,584,ddos
0,80,6,0.0,0.0,0.0,11.986,9.189824558879927,-0.0,292.0,584,ddos
0,80,6,0.0,0.0,0.0,10.074,9.189824558879927,-0.0,292.0,584,ddos
0,80,6,0.0,0.0,0.0,6.886,8.357552004618091,-0.0,164.0,328,ddos
0,80,6,0.0,0.0,0.0,6.223,9.189824558879927,-0.0,292.0,584,ddos
0,80,6,0.0,0.0,0.0,7.932,9.189824558879927,-0.0,292.0,584,ddos
0,80,6,0.0,0.0,0.0,7.229,9.189824558879927,-0.0,292.0,584,ddos
0,80,6,1.5,81.0,54.0,8.509,9.189824558879927,-0.0,292.0,584,ddos
0,80,6,0.0,0.0,0.0,3.882,9.189824558879927,-0.0,292.0,584,ddos
0,80,6,0.0,0.0,0.0,3.706,9.189824558879927,-0.0,292.0,584,ddos
0,80,6,0.0,0.0,0.0,9.233,9.189824558879927,-0.0,292.0,584,ddos
0,80,6,0.0,0.0,0.0,5.373,9.189824558879927,-0.0,292.0,584,ddos
0,80,6,0.0,0.0,0.0,1.763,9.189824558879927,-0.0,292.0,584,ddos
0,80,6,0.0,0.0,0.0,11.821,9.189824558879927,-0.0,292.0,584,ddos
0,80,6,0.0,0.0,0.0,0.921,9.189824558879927,-0.0,292.0,584,ddos
0,80,6,0.0,0.0,0.0,9.628,9.189824558879927,-0.0,292.0,584,ddos
0,80,6,0.0,0.0,0.0,9.93,9.189824558879927,-0.0,292.0,584,ddos
0,80,6,0.0,0.0,0.0,3.809,9.189824558879927,-0.0,292.0,584,ddos
0,80,6,0.0,0.0,0.0,2.142,9.189824558879927,-0.0,292.0,584,ddos
0,80,6,0.0,0.0,0.0,3.474,9.189824558879927,-0.0,292.0,584,ddos
0,80,6,0.0,0.0,0.0,7.09,9.189824558879927,-0.0,292.0,584,ddos
0,80,6,0.0,0.0,0.0,14.481,9.189824558879927,-0.0,292.0,584,ddos
0,80,6,0.0,0.0,0.0,13.277,9.189824558879927,-0.0,292.0,584,ddos
0,80,6,0.0,0.0,0.0,9.618,9.189824558879927,-0.0,292.0,584,ddos
0,80,6,0.0,0.0,0.0,7.171,9.189824558879927,-0.0,292.0,584,ddos
0,80,6,0.0,0.0,0.0,3.042,9.189824558879927,-0.0,292.0,584,ddos
0,80,6,0.0,0.0,0.0,4.975,9.189824558879927,-0.0,292.0,584,ddos
0,80,6,0.0,0.0,0.0,7.199,9.189824558879927,-0.0,292.0,584,ddos
0,80,6,0.0,0.0,0.0,7.429,9.189824558879927,-0.0,292.0,584,ddos
0,80,6,0.0,0.0,0.0,0.925,9.189824558879927,-0.0,292.0,584,ddos
0,80,6,0.0,0.0,0.0,12.895,8.357552004618091,-0.0,164.0,328,ddos
0,80,6,0.0,0.0,0.0,8.983,9.189824558879927,-0.0,292.0,584,ddos
0,80,6,0.0,0.0,0.0,5.091,9.189824558879927,-0.0,292.0,584,ddos
0,80,6,0.0,0.0,0.0,1.216,9.189824558879927,-0.0,292.0,584,ddos
0,80,6,0.0,0.0,0.0,11.008,9.189824558879927,-0.0,292.0,584,ddos
0,80,6,0.0,0.0,0.0,3.604,9.189824558879927,-0.0,292.0,584,ddos
0,80,6,0.0,0.0,0.0,2.014,9.189824558879927,-0.0,292.0,584,ddos
0,80,6,0.0,0.0,0.0,1.835,9.189824558879927,-0.0,292.0,584,ddos
0,80,6,0.0,0.0,0.0,1.458,9.189824558879927,-0.0,292.0,584,ddos
0,80,6,0.0,0.0,0.0,12.122,9.189824558879927,-0.0,292.0,584,ddos
0,80,6,0.0,0.0,0.0,11.261,9.189824558879927,-0.0,292.0,584,ddos
0,80,6,0.0,0.0,0.0,3.061,9.189824558879927,-0.0,292.0,584,ddos
0,80,6,0.0,0.0,0.0,13.916,9.189824558879927,-0.0,292.0,584,ddos
0,80,6,0.0,0.0,0.0,11.565,9.189824558879927,-0.0,292.0,584,ddos
0,80,6,0.0,0.0,0.0,13.765,9.189824558879927,-0.0,292.0,584,ddos
0,80,6,0.0,0.0,0.0,5.485,9.189824558879927,-0.0,292.0,584,ddos
0,80,6,0.0,0.0,0.0,3.944,9.189824558879927,-0.0,292.0,584,ddos
0,80,6,0.0,0.0,0.0,1.866,9.189824558879927,-0.0,292.0,584,ddos
0,80,6,0.0,0.0,0.0,1.814,9.189824558879927,-0.0,292.0,584,ddos
0,80,6,0.0,0.0,0.0,5.859,9.189824558879927,-0.0,292.0,584,ddos
0,80,6,0.0,0.0,0.0,4.869,8.357552004618091,-0.0,164.0,328,ddos
0,80,6,0.0,0.0,0.0,5.548,9.189824558879927,-0.0,292.0,584,ddos
0,80,6,0.0,0.0,0.0,11.466,9.189824558879927,-0.0,292.0,584,ddos
0,80,6,0.0,0.0,0.0,6.926,9.189824558879927,-0.0,292.0,584,ddos
0,80,6,0.0,0.0,0.0,10.48,9.189824558879927,-0.0,292.0,584,ddos
0,80,6,0.0,0.0,0.0,0.985,9.189824558879927,-0.0,292.0,584,ddos
0,80,6,0.0,0.0,0.0,6.868,8.357552004618091,-0.0,164.0,328,ddos
0,80,6,0.0,0.0,0.0,9.958,9.189824558879927,-0.0,292.0,584,ddos
0,80,6,0.0,0.0,0.0,4.055,9.189824558879927,-0.0,292.0,584,ddos
0,80,6,0.0,0.0,0.0,1.913,9.189824558879927,-0.0,292.0,584,ddos
0,80,6,0.0,0.0,0.0,3.2640000000000002,9.189824558879927,-0.0,292.0,584,ddos
0,80,6,0.0,0.0,0.0,1.7650000000000001,9.189824558879927,-0.0,292.0,584,ddos
0,80,6,0.0,0.0,0.0,3.2640000000000002,9.189824558879927,-0.0,292.0,584,ddos
0,80,6,0.0,0.0,0.0,3.7439999999999998,9.189824558879927,-0.0,292.0,584,ddos
0,80,6,0.0,0.0,0.0,6.423,9.189824558879927,-0.0,292.0,584,ddos
0,80,6,0.0,0.0,0.0,10.311,9.189824558879927,-0.0,292.0,584,ddos
0,80,6,0.0,0.0,0.0,9.886,9.189824558879927,-0.0,292.0,584,ddos
0,80,6,0.0,0.0,0.0,9.809,9.189824558879927,-0.0,292.0,584,ddos
0,80,6,0.0,0.0,0.0,7.503,9.189824558879927,-0.0,292.0,584,ddos
0,80,6,0.0,0.0,0.0,2.153,9.189824558879927,-0.0,292.0,584,ddos
0,80,6,0.0,0.0,0.0,7.445,9.189824558879927,-0.0,292.0,584,ddos
0,80,6,0.0,0.0,0.0,3.025,9.189824558879927,-0.0,292.0,584,ddos
0,80,6,0.0,0.0,0.0,14.384,9.189824558879927,-0.0,292.0,584,ddos
0,80,6,0.0,0.0,0.0,4.383,9.189824558879927,-0.0,292.0,584,ddos
0,80,6,0.0,0.0,0.0,12.318,9.189824558879927,-0.0,292.0,584,ddos
0,80,6,0.0,0.0,0.0,9.698,9.189824558879927,-0.0,292.0,584,ddos
0,80,6,0.0,0.0,0.0,1.069,9.189824558879927,-0.0,292.0,584,ddos
0,80,6,0.0,0.0,0.0,9.495,9.189824558879927,-0.0,292.0,584,ddos
0,80,6,0.0,0.0,0.0,13.444,9.189824558879927,-0.0,292.0,584,ddos
0,80,6,0.0,0.0,0.0,5.405,9.189824558879927,-0.0,292.0,584,ddos
0,80,6,0.0,0.0,0.0,7.005,9.189824558879927,-0.0,292.0,584,ddos
0,80,6,0.0,0.0,0.0,6.905,8.357552004618091,-0.0,164.0,328,ddos
0,80,6,0.0,0.0,0.0,12.444,9.189824558879927,-0.0,292.0,584,ddos
0,80,6,0.0,0.0,0.0,7.892,9.189824558879927,-0.0,292.0,584,ddos
0,80,6,0.0,0.0,0.0,0.133,9.189824558879927,-0.0,292.0,584,ddos
0,80,6,0.0,0.0,0.0,13.499,9.189824558879927,-0.0,292.0,584,ddos
0,80,6,0.0,0.0,0.0,3.189,9.189824558879927,-0.0,292.0,584,ddos
0,80,6,0.0,0.0,0.0,11.849,9.189824558879927,-0.0,292.0,584,ddos
0,80,6,0.0,0.0,0.0,12.937,9.189824558879927,-0.0,292.0,584,ddos
0,80,6,0.0,0.0,0.0,3.908,9.189824558879927,-0.0,292.0,584,ddos
0,80,6,0.0,0.0,0.0,3.284,9.189824558879927,-0.0,292.0,584,ddos
0,80,6,0.0,0.0,0.0,4.058,9.189824558879927,-0.0,292.0,584,ddos
0,80,6,0.0,0.0,0.0,2.854,8.357552004618091,-0.0,164.0,328,ddos
0,80,6,0.0,0.0,0.0,5.44,9.189824558879927,-0.0,292.0,584,ddos
0,80,6,0.0,0.0,0.0,13.195,9.189824558879927,-0.0,292.0,584,ddos
0,80,6,0.0,0.0,0.0,4.075,9.189824558879927,-0.0,292.0,584,ddos
0,80,6,0.0,0.0,0.0,9.414,9.189824558879927,-0.0,292.0,584,ddos
0,80,6,0.0,0.0,0.0,8.134,9.189824558879927,-0.0,292.0,584,ddos
0,80,6,0.0,0.0,0.0,13.823,9.189824558879927,-0.0,292.0,584,ddos
0,80,6,0.0,0.0,0.0,7.171,9.189824558879927,-0.0,292.0,584,ddos
0,80,6,0.0,0.0,0.0,3.866,9.189824558879927,-0.0,292.0,584,ddos
0,80,6,0.0,0.0,0.0,2.08,9.189824558879927,-0.0,292.0,584,ddos
0,80,6,0.0,0.0,0.0,7.085,9.189824558879927,-0.0,292.0,584,ddos
0,80,6,0.0,0.0,0.0,5.399,9.189824558879927,-0.0,292.0,584,ddos
0,80,6,0.0,0.0,0.0,7.976,9.189824558879927,-0.0,292.0,584,ddos
0,80,6,0.0,0.0,0.0,5.156,9.189824558879927,-0.0,292.0,584,ddos
0,80,6,0.0,0.0,0.0,14.002,9.189824558879927,-0.0,292.0,584,ddos
0,80,6,0.0,0.0,0.0,12.267,9.189824558879927,-0.0,292.0,584,ddos
0,80,6,0.0,0.0,0.0,14.137,9.189824558879927,-0.0,292.0,584,ddos
0,80,6,0.0,0.0,0.0,9.455,9.189824558879927,-0.0,292.0,584,ddos
0,80,6,0.0,0.0,0.0,9.464,9.189824558879927,-0.0,292.0,584,ddos
0,80,6,0.0,0.0,0.0,12.104,9.189824558879927,-0.0,292.0,584,ddos
0,80,6,0.0,0.0,0.0,2.202,9.189824558879927,-0.0,292.0,584,ddos
0,80,6,0.0,0.0,0.0,12.938,9.189824558879927,-0.0,292.0,584,ddos
0,80,6,0.0,0.0,0.0,2.1,9.189824558879927,-0.0,292.0,584,ddos
0,80,6,0.0,0.0,0.0,6.962,9.189824558879927,-0.0,292.0,584,ddos
0,80,6,0.0,0.0,0.0,11.266,9.189824558879927,-0.0,292.0,584,ddos
0,80,6,0.0,0.0,0.0,11.92,9.189824558879927,-0.0,292.0,584,ddos
0,80,6,0.0,0.0,0.0,10.943,9.189824558879927,-0.0,292.0,584,ddos
0,80,6,0.0,0.0,0.0,9.28,9.189824558879927,-0.0,292.0,584,ddos
0,80,6,0.0,0.0,0.0,1.931,9.189824558879927,-0.0,292.0,584,ddos
0,80,6,0.0,0.0,0.0,11.709,9.189824558879927,-0.0,292.0,584,ddos
0,80,6,0.0,0.0,0.0,13.018,9.189824558879927,-0.0,292.0,584,ddos
0,80,6,0.0,0.0,0.0,9.698,9.189824558879927,-0.0,292.0,584,ddos
0,80,6,0.0,0.0,0.0,1.3599999999999999,9.189824558879927,-0.0,292.0,584,ddos
0,80,6,0.0,0.0,0.0,3.137,9.189824558879927,-0.0,292.0,584,ddos
0,80,6,0.0,0.0,0.0,3.616,9.189824558879927,-0.0,292.0,584,ddos
0,80,6,0.0,0.0,0.0,5.42,9.189824558879927,-0.0,292.0,584,ddos
0,80,6,0.0,0.0,0.0,1.444,9.189824558879927,-0.0,292.0,584,ddos
0,80,6,0.0,0.0,0.0,10.096,9.189824558879927,-0.0,292.0,584,ddos
0,80,6,0.0,0.0,0.0,8.058,9.189824558879927,-0.0,292.0,584,ddos
0,80,6,0.0,0.0,0.0,2.965,9.189824558879927,-0.0,292.0,584,ddos
0,80,6,0.0,0.0,0.0,11.298,9.189824558879927,-0.0,292.0,584,ddos
0,80,6,0.0,0.0,0.0,7.162,9.189824558879927,-0.0,292.0,584,ddos
0,80,6,0.0,0.0,0.0,11.411,9.189824558879927,-0.0,292.0,584,ddos
0,80,6,0.0,0.0,0.0,9.49,9.189824558879927,-0.0,292.0,584,ddos
0,80,6,0.0,0.0,0.0,1.7189999999999999,9.189824558879927,-0.0,292.0,584,ddos
0,80,6,0.0,0.0,0.0,2.987,9.189824558879927,-0.0,292.0,584,ddos
0,80,6,0.0,0.0,0.0,4.98,9.189824558879927,-0.0,292.0,584,ddos
0,80,6,0.0,0.0,0.0,14.36,9.189824558879927,-0.0,292.0,584,ddos
0,80,6,0.0,0.0,0.0,9.706,9.189824558879927,-0.0,292.0,584,ddos
0,80,6,0.0,0.0,0.0,8.238,9.189824558879927,-0.0,292.0,584,ddos
0,80,6,0.0,0.0,0.0,1.72,9.189824558879927,-0.0,292.0,584,ddos
0,80,6,0.0,0.0,0.0,13.621,9.189824558879927,-0.0,292.0,584,ddos
0,80,6,0.0,0.0,0.0,7.99,9.189824558879927,-0.0,292.0,584,ddos
0,80,6,0.0,0.0,0.0,5.97,9.189824558879927,-0.0,292.0,584,ddos
0,80,6,0.0,0.0,0.0,11.452,9.189824558879927,-0.0,292.0,584,ddos
0,80,6,0.0,0.0,0.0,14.452,9.189824558879927,-0.0,292.0,584,ddos
0,80,6,0.0,0.0,0.0,13.068,9.189824558879927,-0.0,292.0,584,ddos
0,80,6,0.0,0.0,0.0,7.356,9.189824558879927,-0.0,292.0,584,ddos
0,80,6,0.0,0.0,0.0,9.306,9.189824558879927,-0.0,292.0,584,ddos
0,80,6,0.0,0.0,0.0,6.885,8.357552004618091,-0.0,164.0,328,ddos
0,80,6,0.0,0.0,0.0,13.796,9.189824558879927,-0.0,292.0,584,ddos
0,80,6,0.0,0.0,0.0,11.303,9.189824558879927,-0.0,292.0,584,ddos
0,80,6,0.0,0.0,0.0,2.089,9.189824558879927,-0.0,292.0,584,ddos
0,80,6,0.0,0.0,0.0,11.412,9.189824558879927,-0.0,292.0,584,ddos
0,80,6,0.0,0.0,0.0,13.424,9.189824558879927,-0.0,292.0,584,ddos
0,80,6,0.0,0.0,0.0,2.952,9.189824558879927,-0.0,292.0,584,ddos
0,80,6,0.0,0.0,0.0,13.155,9.189824558879927,-0.0,292.0,584,ddos
0,80,6,0.0,0.0,0.0,10.108,9.189824558879927,-0.0,292.0,584,ddos
0,80,6,0.0,0.0,0.0,0.897,8.357552004618091,-0.0,164.0,328,ddos
0,80,6,0.0,0.0,0.0,2.928,9.189824558879927,-0.0,292.0,584,ddos
0,80,6,0.0,0.0,0.0,4.0,9.189824558879927,-0.0,292.0,584,ddos
0,80,6,0.0,0.0,0.0,13.083,9.189824558879927,-0.0,292.0,584,ddos
0,80,6,0.0,0.0,0.0,3.809,9.189824558879927,-0.0,292.0,584,ddos
0,80,6,0.0,0.0,0.0,11.014,9.189824558879927,-0.0,292.0,584,ddos
0,80,6,0.0,0.0,0.0,14.469,9.189824558879927,-0.0,292.0,584,ddos
0,80,6,0.0,0.0,0.0,4.245,9.189824558879927,-0.0,292.0,584,ddos
0,80,6,0.0,0.0,0.0,12.192,9.189824558879927,-0.0,292.0,584,ddos
0,80,6,0.0,0.0,0.0,12.412,9.189824558879927,-0.0,292.0,584,ddos
0,80,6,0.0,0.0,0.0,11.103,9.189824558879927,-0.0,292.0,584,ddos
0,80,6,0.0,0.0,0.0,6.97,9.189824558879927,-0.0,292.0,584,ddos
0,80,6,0.0,0.0,0.0,2.914,9.189824558879927,-0.0,292.0,584,ddos
0,80,6,0.0,0.0,0.0,7.083,9.189824558879927,-0.0,292.0,584,ddos
0,80,6,0.0,0.0,0.0,10.891,8.357552004618091,-0.0,164.0,328,ddos
0,80,6,0.0,0.0,0.0,14.334,9.189824558879927,-0.0,292.0,584,ddos
0,80,6,0.0,0.0,0.0,11.407,9.189824558879927,-0.0,292.0,584,ddos
0,80,6,0.0,0.0,0.0,2.899,8.357552004618091,-0.0,164.0,328,ddos
0,80,6,0.0,0.0,0.0,5.095,9.189824558879927,-0.0,292.0,584,ddos
0,80,6,0.0,0.0,0.0,8.872,8.357552004618091,-0.0,164.0,328,ddos
0,80,6,0.0,0.0,0.0,11.653,9.189824558879927,-0.0,292.0,584,ddos
0,80,6,0.0,0.0,0.0,5.65,9.189824558879927,-0.0,292.0,584,ddos
0,80,6,0.0,0.0,0.0,13.32,9.189824558879927,-0.0,292.0,584,ddos
0,80,6,0.0,0.0,0.0,3.9459999999999997,9.189824558879927,-0.0,292.0,584,ddos
0,80,6,0.0,0.0,0.0,4.865,8.357552004618091,-0.0,164.0,328,ddos
0,80,6,0.0,0.0,0.0,4.039,9.189824558879927,-0.0,292.0,584,ddos
0,80,6,0.0,0.0,0.0,4.365,9.189824558879927,-0.0,292.0,584,ddos
0,80,6,0.0,0.0,0.0,1.7690000000000001,9.189824558879927,-0.0,292.0,584,ddos
0,80,6,0.0,0.0,0.0,13.505,9.189824558879927,-0.0,292.0,584,ddos
0,80,6,0.0,0.0,0.0,7.259,9.189824558879927,-0.0,292.0,584,ddos
0,80,6,0.0,0.0,0.0,7.486,9.189824558879927,-0.0,292.0,584,ddos
0,80,6,0.0,0.0,0.0,6.012,9.189824558879927,-0.0,292.0,584,ddos
0,80,6,0.0,0.0,0.0,9.618,9.189824558879927,-0.0,292.0,584,ddos
0,80,6,0.0,0.0,0.0,13.452,9.189824558879927,-0.0,292.0,584,ddos
0,80,6,0.0,0.0,0.0,4.876,8.357552004618091,-0.0,164.0,328,ddos
0,80,6,0.0,0.0,0.0,11.942,9.189824558879927,-0.0,292.0,584,ddos
0,80,6,0.0,0.0,0.0,9.139,9.189824558879927,-0.0,292.0,584,ddos
0,80,6,0.0,0.0,0.0,6.224,9.189824558879927,-0.0,292.0,584,ddos
0,80,6,0.0,0.0,0.0,5.459,9.189824558879927,-0.0,292.0,584,ddos
0,80,6,0.0,0.0,0.0,11.68,9.189824558879927,-0.0,292.0,584,ddos
0,80,6,0.0,0.0,0.0,1.612,9.189824558879927,-0.0,292.0,584,ddos
0,80,6,0.0,0.0,0.0,0.962,9.189824558879927,-0.0,292.0,584,ddos
0,80,6,0.0,0.0,0.0,5.823,9.189824558879927,-0.0,292.0,584,ddos
0,80,6,0.0,0.0,0.0,3.265,9.189824558879927,-0.0,292.0,584,ddos
0,80,6,0.0,0.0,0.0,12.99,9.189824558879927,-0.0,292.0,584,ddos
0,80,6,0.0,0.0,0.0,2.123,9.189824558879927,-0.0,292.0,584,ddos
0,80,6,0.0,0.0,0.0,5.4,9.189824558879927,-0.0,292.0,584,ddos
0,80,6,0.0,0.0,0.0,14.069,9.189824558879927,-0.0,292.0,584,ddos
0,80,6,0.0,0.0,0.0,3.998,9.189824558879927,-0.0,292.0,584,ddos
0,80,6,0.0,0.0,0.0,3.367,9.189824558879927,-0.0,292.0,584,ddos
0,80,6,0.0,0.0,0.0,14.488,9.189824558879927,-0.0,292.0,584,ddos
0,80,6,0.0,0.0,0.0,10.062,9.189824558879927,-0.0,292.0,584,ddos
0,80,6,0.0,0.0,0.0,8.871,8.357552004618091,-0.0,164.0,328,ddos
0,80,6,0.0,0.0,0.0,8.894,8.357552004618091,-0.0,164.0,328,ddos
0,80,6,0.0,0.0,0.0,13.522,9.189824558879927,-0.0,292.0,584,ddos
0,80,6,0.0,0.0,0.0,7.855,9.189824558879927,-0.0,292.0,584,ddos
0,80,6,0.0,0.0,0.0,5.455,9.189824558879927,-0.0,292.0,584,ddos
0,80,6,0.0,0.0,0.0,10.963,9.189824558879927,-0.0,292.0,584,ddos
0,80,6,0.0,0.0,0.0,11.157,9.189824558879927,-0.0,292.0,584,ddos
0,80,6,0.0,0.0,0.0,11.736,9.189824558879927,-0.0,292.0,584,ddos
0,80,6,0.0,0.0,0.0,5.095,9.189824558879927,-0.0,292.0,584,ddos
0,80,6,0.0,0.0,0.0,1.479,9.189824558879927,-0.0,292.0,584,ddos
0,80,6,0.0,0.0,0.0,12.02,9.189824558879927,-0.0,292.0,584,ddos
0,80,6,0.0,0.0,0.0,4.123,9.189824558879927,-0.0,292.0,584,ddos
0,80,6,0.0,0.0,0.0,11.654,9.189824558879927,-0.0,292.0,584,ddos
0,80,6,0.0,0.0,0.0,7.507,9.189824558879927,-0.0,292.0,584,ddos
0,80,6,0.0,0.0,0.0,6.075,9.189824558879927,-0.0,292.0,584,ddos
0,80,6,0.0,0.0,0.0,11.471,9.189824558879927,-0.0,292.0,584,ddos
0,80,6,0.0,0.0,0.0,11.184,9.189824558879927,-0.0,292.0,584,ddos
0,80,6,0.0,0.0,0.0,1.696,9.189824558879927,-0.0,292.0,584,ddos
0,80,6,0.0,0.0,0.0,1.017,9.189824558879927,-0.0,292.0,584,ddos
0,80,6,0.0,0.0,0.0,11.794,9.189824558879927,-0.0,292.0,584,ddos
0,80,6,0.0,0.0,0.0,1.435,9.189824558879927,-0.0,292.0,584,ddos
0,80,6,0.0,0.0,0.0,11.139,9.189824558879927,-0.0,292.0,584,ddos
0,80,6,0.0,0.0,0.0,13.718,9.189824558879927,-0.0,292.0,584,ddos
0,80,6,0.0,0.0,0.0,9.193,9.189824558879927,-0.0,292.0,584,ddos
0,80,6,0.0,0.0,0.0,7.327,9.189824558879927,-0.0,292.0,584,ddos
0,80,6,0.0,0.0,0.0,5.327,9.189824558879927,-0.0,292.0,584,ddos
0,80,6,0.0,0.0,0.0,5.385,9.189824558879927,-0.0,292.0,584,ddos
0,80,6,0.0,0.0,0.0,2.394,9.189824558879927,-0.0,292.0,584,ddos
0,80,6,0.0,0.0,0.0,4.948,9.189824558879927,-0.0,292.0,584,ddos
0,80,6,0.0,0.0,0.0,8.972,9.189824558879927,-0.0,292.0,584,ddos
0,80,6,0.0,0.0,0.0,11.432,9.189824558879927,-0.0,292.0,584,ddos
0,80,6,0.0,0.0,0.0,5.274,9.189824558879927,-0.0,292.0,584,ddos
0,80,6,0.0,0.0,0.0,1.72,9.189824558879927,-0.0,292.0,584,ddos
0,80,6,0.0,0.0,0.0,2.947,9.189824558879927,-0.0,292.0,584,ddos
0,80,6,0.0,0.0,0.0,4.146,9.189824558879927,-0.0,292.0,584,ddos
0,80,6,0.0,0.0,0.0,4.866,8.357552004618091,-0.0,164.0,328,ddos
0,80,6,0.0,0.0,0.0,2.04,9.189824558879927,-0.0,292.0,584,ddos
0,80,6,0.0,0.0,0.0,7.2,9.189824558879927,-0.0,292.0,584,ddos
0,80,6,0.0,0.0,0.0,11.352,9.189824558879927,-0.0,292.0,584,ddos
0,80,6,0.0,0.0,0.0,13.21,9.189824558879927,-0.0,292.0,584,ddos
0,80,6,0.0,0.0,0.0,3.025,9.189824558879927,-0.0,292.0,584,ddos
0,80,6,0.0,0.0,0.0,1.1280000000000001,9.189824558879927,-0.0,292.0,584,ddos
0,80,6,0.0,0.0,0.0,1.4969999999999999,9.189824558879927,-0.0,292.0,584,ddos
0,80,6,0.0,0.0,0.0,5.487,9.189824558879927,-0.0,292.0,584,ddos
0,80,6,0.0,0.0,0.0,13.725999999999999,9.189824558879927,-0.0,292.0,584,ddos
0,80,6,0.0,0.0,0.0,9.611,9.189824558879927,-0.0,292.0,584,ddos
0,80,6,0.0,0.0,0.0,11.266,9.189824558879927,-0.0,292.0,584,ddos
0,80,6,0.0,0.0,0.0,9.516,9.189824558879927,-0.0,292.0,584,ddos
0,80,6,0.0,0.0,0.0,9.489,9.189824558879927,-0.0,292.0,584,ddos
0,80,6,0.0,0.0,0.0,11.101,9.189824558879927,-0.0,292.0,584,ddos
0,80,6,0.0,0.0,0.0,3.718,9.189824558879927,-0.0,292.0,584,ddos
0,80,6,0.0,0.0,0.0,0.881,8.357552004618091,-0.0,164.0,328,ddos
0,80,6,0.0,0.0,0.0,12.92,8.357552004618091,-0.0,164.0,328,ddos
0,80,6,0.0,0.0,0.0,3.617,9.189824558879927,-0.0,292.0,584,ddos
0,80,6,0.0,0.0,0.0,11.291,9.189824558879927,-0.0,292.0,584,ddos
0,80,6,0.0,0.0,0.0,2.227,9.189824558879927,-0.0,292.0,584,ddos
0,80,6,0.0,0.0,0.0,13.22,9.189824558879927,-0.0,292.0,584,ddos
0,80,6,0.0,0.0,0.0,14.166,9.189824558879927,-0.0,292.0,584,ddos
0,80,6,0.0,0.0,0.0,13.869,9.189824558879927,-0.0,292.0,584,ddos
0,80,6,0.0,0.0,0.0,11.796,9.189824558879927,-0.0,292.0,584,ddos
0,80,6,0.0,0.0,0.0,4.987,9.189824558879927,-0.0,292.0,584,ddos
0,80,6,0.0,0.0,0.0,2.285,9.189824558879927,-0.0,292.0,584,ddos
